id,First name,Last name,Hospital,Department,YearsOfExperience,Age,Community
1001,Oliver,Jones,HospitalA,Anesthetics,22,57,Community1
1002,Jack,Williams,HospitalA,Anesthetics,28,63,Community1
1003,Harry,Brown,HospitalA,Breast Screening,9,44,Community1
1004,Jacob,Taylor,HospitalA,Breast Screening,21,56,Community1
1005,Charlie,Davies,HospitalA,Cardiology,20,55,Community1
1006,Thomas,Wilson,HospitalA,Cardiology,30,65,Community1
1007,George,Evans,HospitalA,General Surgery,13,48,Community1
1008,Oscar,Thomas,HospitalA,General Surgery,21,56,Community1
1009,James,Roberts,HospitalA,Radiology,3,38,Community1
1010,William,Johnson,HospitalA,Radiology,21,56,Community1
1011,Jake,Williams,HospitalB,Anesthetics,20,55,Community1
1012,Connor,Brown,HospitalB,Anesthetics,14,49,Community1
1013,Callum,Jones,HospitalB,Breast Screening,17,52,Community1
1014,Jacob,Miller,HospitalB,Breast Screening,27,62,Community1
1015,Kyle,Davis,HospitalB,Cardiology,29,64,Community1
1016,Joe,Garcia,HospitalB,Cardiology,16,51,Community1
1017,Reece,Rodriguez,HospitalB,General Surgery,14,49,Community1
1018,Rhys,Wilson,HospitalB,General Surgery,26,61,Community1
1019,Charlie,Johnson,HospitalB,Radiology,15,50,Community1
1020,Damian,Williams,HospitalB,Radiology,13,48,Community1
1021,Amelia,Brown,HospitalC,Anesthetics,12,47,Community2
1022,Olivia,Jones,HospitalC,Anesthetics,9,44,Community2
1023,Isla,Miller,HospitalC,Breast Screening,24,59,Community2
1024,Emily,Davis,HospitalC,Breast Screening,13,48,Community2
1025,Poppy,Garcia,HospitalC,Cardiology,3,38,Community2
1026,Ava,Rodriguez,HospitalC,Cardiology,25,60,Community2
1027,Isabella,Wilson,HospitalC,General Surgery,5,40,Community2
1028,Jessica,Jones,HospitalC,General Surgery,20,55,Community2
1029,Lily,Williams,HospitalC,Radiology,13,48,Community2
1030,Sophie,Brown,HospitalC,Radiology,16,51,Community2
